"customerNumber","timestamp","description","amount","type","tag","accountNumber","sortCode"
"9127854341","""2013-01-01T04:43:46.939Z""","Lidl",-12.02,"CAW","Food","0003993127","31-45-08"
"9127854341","""2013-01-01T16:18:07.952Z""","Cancer Research",-0.39,"CAW","Charity","0003993127","31-45-08"
"9127854341","""2013-01-01T04:59:07.299Z""","Lush",-10.84,"CAW","Healthcare","0003993127","31-45-08"
"9127854341","""2013-01-01T00:12:06.440Z""","Lidl",-33.16,"CAW","Food","0003993127","31-45-08"
"9127854341","""2013-01-01T07:23:13.168Z""","MegaBus",-0.01,"CAW","Transport","0003993127","31-45-08"
"9127854341","""2013-01-01T03:37:27.925Z""","Nicole Bailey",6.25,"CAD","-","0003993127","31-45-08"
"9127854341","""2013-01-01T03:44:33.976Z""","Sports Direct",-20.54,"CCW","Clothing","4294702545077362",
"9127854341","""2013-01-01T11:48:22.123Z""","Superdrug",-13.64,"CCW","Healthcare","4294702545077362",
"9127854341","""2013-01-01T21:31:53.297Z""","National Express",-5.62,"CCW","Transport","4497603100148264",
"9127854341","""2013-01-02T23:23:04.738Z""","Alan Scott",3.6,"CAD","-","0003993127","31-45-08"
"9127854341","""2013-01-02T01:35:13.192Z""","Alan Scott",1.13,"CAD","-","0003993127","31-45-08"
"9127854341","""2013-01-02T04:04:19.676Z""","Interest",0.53,"CAD","-","0003993127","31-45-08"
"9127854341","""2013-01-02T05:53:59.396Z""","Oxfam",-1.93,"CCW","Savings","4497603100148264",
"9127854341","""2013-01-03T10:55:03.997Z""","Bodyshop",-25.04,"CCW","Healthcare","4294702545077362",
"9127854341","""2013-01-03T10:52:57.909Z""","National Express",-7.31,"CCW","Transport","4497603100148264",
"9127854341","""2013-01-04T13:49:54.201Z""","Cancer Research",-3.91,"CCW","Charity","4497603100148264",
"9127854341","""2013-01-04T21:35:15.656Z""","Virgin Media",-43.48,"D/D","Internet","0003993127","31-45-08"
"9127854341","""2013-01-04T21:11:47.829Z""","WWF",-2.86,"CCW","Charity","4497603100148264",
"9127854341","""2013-01-06T03:14:29.368Z""","Supercuts",-15.07,"CCW","Healthcare","4294702545077362",
"9127854341","""2013-01-04T21:42:38.209Z""","Save the Children",-5.03,"CCW","Charity","4497603100148264",
"9127854341","""2013-01-06T21:35:30.315Z""","Oxfam",-6.77,"CCW","Charity","4294702545077362",
"9127854341","""2013-01-07T21:03:32.832Z""","Lush",-18.22,"CCW","Healthcare","4294702545077362",
"9127854341","""2013-01-07T10:38:23.366Z""","McColls",-17.89,"CCW","Food","4294702545077362",
"9127854341","""2013-01-07T07:59:54.488Z""","Sports Direct",-27.69,"CCW","Clothing","4294702545077362",
"9127854341","""2013-01-07T20:46:21.541Z""","Barclaycard",-0.13,"CCW","Debt","4294702545077362",
"9127854341","""2013-01-07T01:41:24.270Z""","Wonga",-3.27,"CCW","Debt","4497603100148264",
"9127854341","""2013-01-07T22:30:13.549Z""","Arriva Wales",-2.57,"CCW","Transport","4497603100148264",
"9127854341","""2013-01-08T17:31:06.615Z""","WWF",-0.01,"CCW","Charity","4497603100148264",
"9127854341","""2013-01-08T20:56:46.522Z""","Arriva Wales",-0.01,"CCW","Transport","4497603100148264",
"9127854341","""2013-01-07T02:39:27.692Z""","Matalan",-10.96,"CCW","Clothing","4497603100148264",
"9127854341","""2013-01-09T09:48:21.096Z""","Denise Patterson",3.81,"CAD","-","0003993127","31-45-08"
"9127854341","""2013-01-09T22:31:12.932Z""","Alan Scott",13.23,"CAD","-","0003993127","31-45-08"
"9127854341","""2013-01-09T08:58:51.606Z""","Spotify",-21.45,"CCW","Entertainment","4294702545077362",
"9127854341","""2013-01-09T11:24:20.655Z""","Supercuts",-6.43,"CCW","Healthcare","4497603100148264",
"9127854341","""2013-01-09T13:09:24.546Z""","Primark",-30.68,"CCW","Clothing","4497603100148264",
"9127854341","""2013-01-09T20:04:09.691Z""","Sports Direct",-23.53,"CCW","Clothing","4497603100148264",
"9127854341","""2013-01-10T08:33:47.361Z""","Sports Direct",-12.92,"CCW","Clothing","4294702545077362",
"9127854341","""2013-01-10T20:46:36.651Z""","Lori Alexander",6.61,"CAD","-","0003993127","31-45-08"
"9127854341","""2013-01-15T21:34:27.887Z""","Sports Direct",-0.01,"CCW","Clothing","4294702545077362",
"9127854341","""2013-01-15T01:12:05.030Z""","Sports Direct",-17.86,"CCW","Clothing","4294702545077362",
"9127854341","""2013-01-12T14:45:07.002Z""","Brenda Ward",1.83,"CAD","-","0003993127","31-45-08"
"9127854341","""2013-01-15T16:43:07.532Z""","MegaBus",-7.03,"CCW","Transport","4294702545077362",
"9127854341","""2013-01-15T23:04:52.723Z""","MegaBus",-8.99,"CCW","Transport","4294702545077362",
"9127854341","""2013-01-16T11:58:13.296Z""","WWF",-16.32,"CCW","Savings","4294702545077362",
"9127854341","""2013-01-16T01:05:45.673Z""","WWF",-0.01,"CCW","Charity","4294702545077362",
"9127854341","""2013-01-17T21:46:49.731Z""","Nicole Bailey",6.65,"CAD","-","0003993127","31-45-08"
"9127854341","""2013-01-17T23:01:01.819Z""","Wonga",-3.29,"CCW","Debt","4294702545077362",
"9127854341","""2013-01-18T02:26:31.319Z""","Bodyshop",-4.7,"CCW","Healthcare","4294702545077362",
"9127854341","""2013-01-19T17:58:33.154Z""","Brenda Ward",0.53,"CAD","-","0003993127","31-45-08"
"9127854341","""2013-01-19T18:28:29.070Z""","Nicole Bailey",4.1,"CAD","-","0003993127","31-45-08"
"9127854341","""2013-01-19T18:08:08.466Z""","Lori Alexander",0.7,"CAD","-","0003993127","31-45-08"
"9127854341","""2013-01-21T16:33:11.324Z""","Rent",-600,"D/D","Housing","0003993127","31-45-08"
"9127854341","""2013-01-21T12:12:22.133Z""","WWF",-2.98,"CCW","Charity","4294702545077362",
"9127854341","""2013-01-21T08:22:28.532Z""","Bodyshop",-0.01,"CCW","Healthcare","4294702545077362",
"9127854341","""2013-01-21T01:06:07.991Z""","WWF",-13.74,"CCW","Savings","4294702545077362",
"9127854341","""2013-01-21T17:27:30.475Z""","Superdrug",-18.05,"CCW","Healthcare","4294702545077362",
"9127854341","""2013-01-21T13:46:37.569Z""","MegaBus",-9.32,"CCW","Transport","4294702545077362",
"9127854341","""2013-01-23T07:47:01.453Z""","Lori Alexander",2.29,"CAD","-","0003993127","31-45-08"
"9127854341","""2013-01-19T16:16:18.174Z""","Alan Scott",2.41,"CAD","-","0003993127","31-45-08"
"9127854341","""2013-01-24T01:07:07.623Z""","Sky Digital",-29.58,"D/D","Entertainment","0003993127","31-45-08"
"9127854341","""2013-01-24T21:08:43.757Z""","MegaBus",-7.6,"CCW","Transport","4497603100148264",
"9127854341","""2013-01-25T20:20:59.711Z""","Salary BACS Payment",2000,"BAC","Salary","0003993127","31-45-08"
"9127854341","""2013-01-25T18:59:46.038Z""","RSPCA",-5.94,"CAW","Savings","0003993127","31-45-08"
"9127854341","""2013-01-25T05:40:57.212Z""","Sports Direct",-8.34,"CAW","Clothing","0003993127","31-45-08"
"9127854341","""2013-01-25T17:16:57.035Z""","Sports Direct",-28.05,"CAW","Clothing","0003993127","31-45-08"
"9127854341","""2013-01-25T20:36:32.820Z""","Groupon",-0.42,"CCW","Entertainment","4497603100148264",
"9127854341","""2013-01-26T01:49:31.499Z""","WWF",-11.04,"CAW","Savings","0003993127","31-45-08"
"9127854341","""2013-01-26T07:28:09.844Z""","Barclaycard",-3.55,"CAW","Debt","0003993127","31-45-08"
"9127854341","""2013-01-26T06:41:25.357Z""","Odeon Cinemas",-16.37,"CAW","Entertainment","0003993127","31-45-08"
"9127854341","""2013-01-26T08:51:21.646Z""","Lori Alexander",0.37,"CAD","-","0003993127","31-45-08"
"9127854341","""2013-01-26T15:25:18.434Z""","Barclaycard",-0.73,"CAW","Debt","0003993127","31-45-08"
"9127854341","""2013-01-26T14:23:37.787Z""","Superdrug",-0.04,"CAW","Healthcare","0003993127","31-45-08"
"9127854341","""2013-01-26T00:37:14.357Z""","WWF",-0.01,"CAW","Charity","0003993127","31-45-08"
"9127854341","""2013-01-26T16:53:51.245Z""","Primark",-6.61,"CAW","Clothing","0003993127","31-45-08"
"9127854341","""2013-01-26T04:59:28.787Z""","Bodyshop",-0.01,"CAW","Healthcare","0003993127","31-45-08"
"9127854341","""2013-01-26T17:14:59.695Z""","Barclaycard",-9.34,"CAW","Debt","0003993127","31-45-08"
"9127854341","""2013-01-26T01:44:47.263Z""","MegaBus",-2.27,"CAW","Transport","0003993127","31-45-08"
"9127854341","""2013-01-26T16:10:04.086Z""","Wonga",-0.55,"CAW","Debt","0003993127","31-45-08"
"9127854341","""2013-01-26T16:59:56.206Z""","RSPCA",-6.41,"CAW","Charity","0003993127","31-45-08"
"9127854341","""2013-01-26T12:23:56.637Z""","American Express",-5.65,"CAW","Debt","0003993127","31-45-08"
"9127854341","""2013-01-27T19:14:12.295Z""","Three Mobile",-18.83,"D/D","Mobile","0003993127","31-45-08"
"9127854341","""2013-01-27T04:02:28.672Z""","Groupon",-20.2,"CAW","Entertainment","0003993127","31-45-08"
"9127854341","""2013-01-27T16:36:52.172Z""","Matalan",-29.78,"CAW","Clothing","0003993127","31-45-08"
"9127854341","""2013-01-28T15:05:02.734Z""","Oxfam",-8.52,"CAW","Savings","0003993127","31-45-08"
"9127854341","""2013-01-28T22:19:14.910Z""","Lori Alexander",5.24,"CAD","-","0003993127","31-45-08"
"9127854341","""2013-01-30T08:44:04.115Z""","Denise Patterson",4.71,"CAD","-","0003993127","31-45-08"
"9127854341","""2013-01-30T03:13:38.123Z""","Sports Direct",-24.52,"CAW","Clothing","0003993127","31-45-08"
"9127854341","""2013-01-30T01:54:05.198Z""","National Express",-3.27,"CCW","Transport","4294702545077362",
"9127854341","""2013-02-01T20:25:52.421Z""","Sports Direct",-28.27,"CAW","Clothing","0003993127","31-45-08"
"9127854341","""2013-01-31T21:45:01.112Z""","Primark",-17.58,"CCW","Clothing","4497603100148264",
"9127854341","""2013-02-04T06:31:43.852Z""","Virgin Media",-43.48,"D/D","Internet","0003993127","31-45-08"
"9127854341","""2013-02-02T20:40:44.199Z""","Lori Alexander",0.97,"CAD","-","0003993127","31-45-08"
"9127854341","""2013-02-04T14:08:42.882Z""","MegaBus",-2.21,"CCW","Transport","4294702545077362",
"9127854341","""2013-02-05T18:33:34.762Z""","Groupon",-8.18,"CCW","Entertainment","4294702545077362",
"9127854341","""2013-02-05T09:16:03.797Z""","Save the Children",-11.49,"CCW","Savings","4497603100148264",
"9127854341","""2013-02-08T21:25:34.197Z""","RSPCA",-8.86,"CCW","Savings","4497603100148264",
"9127854341","""2013-02-07T03:44:57.181Z""","Nicole Bailey",4.07,"CAD","-","0003993127","31-45-08"
"9127854341","""2013-02-11T04:19:26.463Z""","Interest",4.09,"CAD","-","0003993127","31-45-08"
"9127854341","""2013-02-14T19:15:35.034Z""","Primark",-18.77,"CCW","Clothing","4497603100148264",
"9127854341","""2013-02-15T10:06:04.432Z""","Arriva Wales",-7.96,"CCW","Transport","4294702545077362",
"9127854341","""2013-02-12T18:44:19.554Z""","Brenda Ward",5.76,"CAD","-","0003993127","31-45-08"
"9127854341","""2013-02-19T19:35:50.529Z""","Alan Scott",5.32,"CAD","-","0003993127","31-45-08"
"9127854341","""2013-02-16T13:22:29.061Z""","Alan Scott",15.54,"CAD","-","0003993127","31-45-08"
"9127854341","""2013-02-20T13:35:25.303Z""","Odeon Cinemas",-1.59,"CCW","Entertainment","4294702545077362",
"9127854341","""2013-02-21T20:08:39.651Z""","McColls",-27.26,"CCW","Food","4294702545077362",
"9127854341","""2013-02-05T23:07:10.989Z""","Denise Patterson",7.85,"CAD","-","0003993127","31-45-08"
"9127854341","""2013-02-24T12:17:09.724Z""","Nicole Bailey",1.69,"CAD","-","0003993127","31-45-08"
"9127854341","""2013-02-24T11:16:15.354Z""","Lori Alexander",4.67,"CAD","-","0003993127","31-45-08"
"9127854341","""2013-02-24T07:36:13.757Z""","Sky Digital",-29.58,"D/D","Entertainment","0003993127","31-45-08"
"9127854341","""2013-02-21T01:36:02.996Z""","Rent",-600,"D/D","Housing","0003993127","31-45-08"
"9127854341","""2013-02-25T04:50:51.025Z""","Salary BACS Payment",2000,"BAC","Salary","0003993127","31-45-08"
"9127854341","""2013-02-25T13:54:24.276Z""","Supercuts",-33.54,"CAW","Healthcare","0003993127","31-45-08"
"9127854341","""2013-02-24T14:05:07.129Z""","Nicole Bailey",0.26,"CAD","-","0003993127","31-45-08"
"9127854341","""2013-02-25T23:45:07.443Z""","Save the Children",-8.99,"CAW","Charity","0003993127","31-45-08"
"9127854341","""2013-02-25T22:07:38.627Z""","WWF",-8.77,"CAW","Charity","0003993127","31-45-08"
"9127854341","""2013-02-25T04:44:12.736Z""","Sports Direct",-26.9,"CAW","Clothing","0003993127","31-45-08"
"9127854341","""2013-02-25T02:05:12.679Z""","Superdrug",-6.62,"CAW","Healthcare","0003993127","31-45-08"
"9127854341","""2013-02-25T20:19:58.908Z""","Lidl",-4.66,"CAW","Food","0003993127","31-45-08"
"9127854341","""2013-02-25T08:05:30.198Z""","Primark",-12.14,"CAW","Clothing","0003993127","31-45-08"
"9127854341","""2013-02-25T23:56:57.422Z""","National Express",-0.01,"CAW","Transport","0003993127","31-45-08"
"9127854341","""2013-02-25T20:33:12.385Z""","RSPCA",-2.85,"CAW","Charity","0003993127","31-45-08"
"9127854341","""2013-02-25T22:08:29.875Z""","MegaBus",-1.28,"CAW","Transport","0003993127","31-45-08"
"9127854341","""2013-02-25T18:20:01.500Z""","Cancer Research",-9.05,"CAW","Charity","0003993127","31-45-08"
"9127854341","""2013-02-26T00:29:18.413Z""","Arriva Wales",-7.57,"CAW","Transport","0003993127","31-45-08"
"9127854341","""2013-02-26T20:47:25.244Z""","Matalan",-30.43,"CAW","Clothing","0003993127","31-45-08"
"9127854341","""2013-02-27T04:32:07.941Z""","Three Mobile",-18.83,"D/D","Mobile","0003993127","31-45-08"
"9127854341","""2013-02-27T00:48:44.781Z""","MegaBus",-5.01,"CAW","Transport","0003993127","31-45-08"
"9127854341","""2013-02-28T07:44:33.361Z""","Lush",-16.4,"CAW","Healthcare","0003993127","31-45-08"
"9127854341","""2013-02-28T00:22:53.248Z""","Bodyshop",-11.6,"CAW","Healthcare","0003993127","31-45-08"
"9127854341","""2013-02-28T17:11:49.273Z""","Cancer Research",-12.88,"CAW","Savings","0003993127","31-45-08"
"9127854341","""2013-03-01T18:40:43.770Z""","Barclaycard",-1.34,"CAW","Debt","0003993127","31-45-08"
"9127854341","""2013-03-03T18:15:52.104Z""","Spotify",-17.99,"CAW","Entertainment","0003993127","31-45-08"
"9127854341","""2013-03-04T07:42:13.792Z""","Virgin Media",-43.48,"D/D","Internet","0003993127","31-45-08"
"9127854341","""2013-03-01T02:37:17.704Z""","RSPCA",-3.15,"CAW","Charity","0003993127","31-45-08"
"9127854341","""2013-03-08T20:58:05.374Z""","Subway",-23.86,"CCW","Food","4294702545077362",
"9127854341","""2013-03-02T06:37:30.067Z""","Denise Patterson",1.1,"CAD","-","0003993127","31-45-08"
"9127854341","""2013-03-13T09:44:58.812Z""","American Express",-14.95,"CCW","Debt","4497603100148264",
"9127854341","""2013-03-02T18:28:04.677Z""","Interest",3.19,"CAD","-","0003993127","31-45-08"
"9127854341","""2013-03-14T06:27:46.748Z""","Nicole Bailey",9.4,"CAD","-","0003993127","31-45-08"
"9127854341","""2013-03-15T12:31:17.131Z""","Nicole Bailey",1.69,"CAD","-","0003993127","31-45-08"
"9127854341","""2013-03-07T23:41:04.959Z""","Nicole Bailey",1.02,"CAD","-","0003993127","31-45-08"
"9127854341","""2013-03-09T13:31:32.940Z""","Lori Alexander",6.45,"CAD","-","0003993127","31-45-08"
"9127854341","""2013-03-20T18:54:04.073Z""","Alan Scott",1.25,"CAD","-","0003993127","31-45-08"
"9127854341","""2013-03-24T00:07:44.033Z""","Sky Digital",-29.58,"D/D","Entertainment","0003993127","31-45-08"
"9127854341","""2013-03-21T06:41:15.603Z""","Rent",-600,"D/D","Housing","0003993127","31-45-08"
"9127854341","""2013-03-25T17:27:48.622Z""","Salary BACS Payment",2000,"BAC","Salary","0003993127","31-45-08"
"9127854341","""2013-03-25T20:52:37.504Z""","Hitachi Personal Finance",-12.5,"CAW","Debt","0003993127","31-45-08"
"9127854341","""2013-03-25T15:19:05.382Z""","Spotify",-5.91,"CAW","Entertainment","0003993127","31-45-08"
"9127854341","""2013-03-26T22:34:29.443Z""","WWF",-5.34,"CAW","Charity","0003993127","31-45-08"
"9127854341","""2013-03-26T01:04:44.113Z""","Bodyshop",-19.34,"CAW","Healthcare","0003993127","31-45-08"
"9127854341","""2013-03-26T06:35:33.826Z""","Wonga",-1.89,"CAW","Debt","0003993127","31-45-08"
"9127854341","""2013-03-26T11:50:39.374Z""","Bodyshop",-15.53,"CAW","Healthcare","0003993127","31-45-08"
"9127854341","""2013-03-26T07:42:48.223Z""","American Express",-0.93,"CAW","Debt","0003993127","31-45-08"
"9127854341","""2013-03-27T04:13:07.566Z""","Shelter",-2.65,"CAW","Savings","0003993127","31-45-08"
"9127854341","""2013-03-26T23:16:49.314Z""","Odeon Cinemas",-26.75,"CAW","Entertainment","0003993127","31-45-08"
"9127854341","""2013-03-26T06:23:27.207Z""","Interest",2.13,"CAD","-","0003993127","31-45-08"
"9127854341","""2013-03-26T06:35:28.466Z""","Superdrug",-19.02,"CAW","Healthcare","0003993127","31-45-08"
"9127854341","""2013-03-27T06:48:21.440Z""","Three Mobile",-18.83,"D/D","Mobile","0003993127","31-45-08"
"9127854341","""2013-03-28T06:49:13.358Z""","Interest",2.27,"CAD","-","0003993127","31-45-08"
"9127854341","""2013-03-28T14:24:41.348Z""","Primark",-26.69,"CAW","Clothing","0003993127","31-45-08"
"9127854341","""2013-03-28T14:42:12.030Z""","Primark",-27.93,"CAW","Clothing","0003993127","31-45-08"
"9127854341","""2013-03-28T18:43:29.675Z""","Sports Direct",-26.43,"CAW","Clothing","0003993127","31-45-08"
"9127854341","""2013-03-29T01:00:33.548Z""","McColls",-7.05,"CAW","Food","0003993127","31-45-08"
"9127854341","""2013-03-29T19:50:37.220Z""","American Express",-1.49,"CAW","Debt","0003993127","31-45-08"
"9127854341","""2013-03-29T03:32:49.956Z""","Spotify",-16.4,"CAW","Entertainment","0003993127","31-45-08"
"9127854341","""2013-03-27T20:39:47.191Z""","McColls",-19.12,"CAW","Food","0003993127","31-45-08"
"9127854341","""2013-03-29T04:21:57.653Z""","Interest",12.82,"CAD","-","0003993127","31-45-08"
"9127854341","""2013-03-31T11:46:13.537Z""","Hitachi Personal Finance",-12.86,"CAW","Debt","0003993127","31-45-08"
"9127854341","""2013-03-31T15:39:20.122Z""","Groupon",-0.01,"CAW","Entertainment","0003993127","31-45-08"
"9127854341","""2013-03-31T20:42:07.827Z""","Groupon",-4.48,"CAW","Entertainment","0003993127","31-45-08"
"9127854341","""2013-03-31T09:34:24.199Z""","RSPCA",-19.74,"CAW","Savings","0003993127","31-45-08"
"9127854341","""2013-03-30T02:25:33.970Z""","Nicole Bailey",2.59,"CAD","-","0003993127","31-45-08"
"9127854341","""2013-03-31T07:11:43.291Z""","McColls",-13.86,"CAW","Food","0003993127","31-45-08"
"9127854341","""2013-03-31T10:56:24.461Z""","Denise Patterson",0.91,"CAD","-","0003993127","31-45-08"
"9127854341","""2013-03-31T06:42:09.106Z""","Cancer Research",-16.9,"CAW","Charity","0003993127","31-45-08"
"9127854341","""2013-04-01T02:18:40.890Z""","Denise Patterson",16.47,"CAD","-","0003993127","31-45-08"
"9127854341","""2013-04-01T14:14:34.575Z""","Interest",12.58,"CAD","-","0003993127","31-45-08"
"9127854341","""2013-04-03T03:09:28.394Z""","Odeon Cinemas",-18.45,"CAW","Entertainment","0003993127","31-45-08"
"9127854341","""2013-04-01T22:59:05.989Z""","Bodyshop",-21.15,"CAW","Healthcare","0003993127","31-45-08"
"9127854341","""2013-04-03T07:56:13.610Z""","Denise Patterson",0.4,"CAD","-","0003993127","31-45-08"
"9127854341","""2013-04-04T04:02:07.903Z""","Virgin Media",-43.48,"D/D","Internet","0003993127","31-45-08"
"9127854341","""2013-04-03T08:58:37.192Z""","Oxfam",-12.53,"CAW","Savings","0003993127","31-45-08"
"9127854341","""2013-04-08T15:57:41.610Z""","Interest",0.18,"CAD","-","0003993127","31-45-08"
"9127854341","""2013-04-11T19:01:07.549Z""","Denise Patterson",2.12,"CAD","-","0003993127","31-45-08"
"9127854341","""2013-04-11T18:29:01.604Z""","Alan Scott",2.85,"CAD","-","0003993127","31-45-08"
"9127854341","""2013-04-12T18:01:37.441Z""","Denise Patterson",0.99,"CAD","-","0003993127","31-45-08"
"9127854341","""2013-04-16T04:03:47.239Z""","Nicole Bailey",16.23,"CAD","-","0003993127","31-45-08"
"9127854341","""2013-04-16T17:27:44.445Z""","Nicole Bailey",5.95,"CAD","-","0003993127","31-45-08"
"9127854341","""2013-04-16T01:13:53.476Z""","Denise Patterson",0.88,"CAD","-","0003993127","31-45-08"
"9127854341","""2013-04-17T10:33:42.490Z""","Interest",3.71,"CAD","-","0003993127","31-45-08"
"9127854341","""2013-04-21T14:57:31.986Z""","Denise Patterson",4.56,"CAD","-","0003993127","31-45-08"
"9127854341","""2013-04-24T18:12:08.642Z""","Sky Digital",-29.58,"D/D","Entertainment","0003993127","31-45-08"
"9127854341","""2013-04-21T14:31:23.191Z""","Rent",-600,"D/D","Housing","0003993127","31-45-08"
"9127854341","""2013-04-25T03:14:04.514Z""","Odeon Cinemas",-8.1,"CAW","Entertainment","0003993127","31-45-08"
"9127854341","""2013-04-23T14:33:52.424Z""","Barclaycard",-8.3,"CCW","Debt","4294702545077362",
"9127854341","""2013-04-25T22:20:27.220Z""","Salary BACS Payment",2000,"BAC","Salary","0003993127","31-45-08"
"9127854341","""2013-04-26T23:13:45.682Z""","Superdrug",-11.17,"CAW","Healthcare","0003993127","31-45-08"
"9127854341","""2013-04-25T12:15:08.816Z""","Odeon Cinemas",-24.15,"CAW","Entertainment","0003993127","31-45-08"
"9127854341","""2013-04-26T20:18:15.690Z""","RSPCA",-3.95,"CAW","Charity","0003993127","31-45-08"
"9127854341","""2013-04-26T02:46:04.667Z""","Cancer Research",-16.66,"CAW","Charity","0003993127","31-45-08"
"9127854341","""2013-04-27T02:58:55.167Z""","Three Mobile",-18.83,"D/D","Mobile","0003993127","31-45-08"
"9127854341","""2013-04-27T08:36:44.794Z""","Matalan",-9.45,"CAW","Clothing","0003993127","31-45-08"
"9127854341","""2013-04-27T20:55:25.587Z""","MegaBus",-8.43,"CAW","Transport","0003993127","31-45-08"
"9127854341","""2013-04-28T02:00:00.078Z""","Matalan",-18.03,"CAW","Clothing","0003993127","31-45-08"
"9127854341","""2013-04-27T17:06:04.177Z""","Barclaycard",-6.29,"CAW","Debt","0003993127","31-45-08"
"9127854341","""2013-04-28T11:01:29.764Z""","Sports Direct",-10.52,"CAW","Clothing","0003993127","31-45-08"
"9127854341","""2013-04-27T16:38:13.124Z""","Save the Children",-6.92,"CAW","Charity","0003993127","31-45-08"
"9127854341","""2013-04-28T18:21:23.017Z""","MegaBus",-2.5,"CAW","Transport","0003993127","31-45-08"
"9127854341","""2013-04-30T05:28:31.854Z""","Matalan",-20.54,"CAW","Clothing","0003993127","31-45-08"
"9127854341","""2013-05-01T00:32:51.446Z""","Odeon Cinemas",-22.06,"CAW","Entertainment","0003993127","31-45-08"
"9127854341","""2013-05-01T03:32:45.509Z""","Supercuts",-14.34,"CAW","Healthcare","0003993127","31-45-08"
"9127854341","""2013-05-03T14:21:48.669Z""","Nicole Bailey",8.91,"CAD","-","0003993127","31-45-08"
"9127854341","""2013-05-01T16:11:31.645Z""","Arriva Wales",-13.57,"CAW","Transport","0003993127","31-45-08"
"9127854341","""2013-05-03T13:57:00.081Z""","RSPCA",-7.78,"CAW","Savings","0003993127","31-45-08"
"9127854341","""2013-05-02T13:30:13.792Z""","Bodyshop",-11.74,"CAW","Healthcare","0003993127","31-45-08"
"9127854341","""2013-05-03T16:36:35.981Z""","Lidl",-27.64,"CAW","Food","0003993127","31-45-08"
"9127854341","""2013-05-03T22:55:08.804Z""","WWF",-9.3,"CAW","Savings","0003993127","31-45-08"
"9127854341","""2013-05-04T21:54:03.547Z""","Virgin Media",-43.48,"D/D","Internet","0003993127","31-45-08"
"9127854341","""2013-05-07T02:47:51.354Z""","Lori Alexander",5.6,"CAD","-","0003993127","31-45-08"
"9127854341","""2013-05-07T11:07:06.504Z""","Subway",-18.16,"CCW","Food","4294702545077362",
"9127854341","""2013-05-08T05:06:42.551Z""","Brenda Ward",1.96,"CAD","-","0003993127","31-45-08"
"9127854341","""2013-05-08T02:31:43.427Z""","Primark",-17.09,"CCW","Clothing","4497603100148264",
"9127854341","""2013-05-16T21:50:06.549Z""","Denise Patterson",0.12,"CAD","-","0003993127","31-45-08"
"9127854341","""2013-05-19T19:29:50.705Z""","Interest",3.94,"CAD","-","0003993127","31-45-08"
"9127854341","""2013-05-14T12:38:55.467Z""","Nicole Bailey",2.69,"CAD","-","0003993127","31-45-08"
"9127854341","""2013-05-24T04:44:16.843Z""","Sky Digital",-29.58,"D/D","Entertainment","0003993127","31-45-08"
"9127854341","""2013-05-25T11:18:53.032Z""","Salary BACS Payment",2000,"BAC","Salary","0003993127","31-45-08"
"9127854341","""2013-05-25T00:42:50.257Z""","MegaBus",-2.41,"CAW","Transport","0003993127","31-45-08"
"9127854341","""2013-05-09T03:38:35.507Z""","Alan Scott",5.38,"CAD","-","0003993127","31-45-08"
"9127854341","""2013-05-25T16:05:07.906Z""","Primark",-10.11,"CAW","Clothing","0003993127","31-45-08"
"9127854341","""2013-05-25T08:02:26.331Z""","Superdrug",-30.88,"CAW","Healthcare","0003993127","31-45-08"
"9127854341","""2013-05-26T18:44:04.883Z""","MegaBus",-13.1,"CAW","Transport","0003993127","31-45-08"
"9127854341","""2013-05-26T14:36:31.566Z""","Arriva Wales",-0.01,"CAW","Transport","0003993127","31-45-08"
"9127854341","""2013-05-25T11:48:04.115Z""","Oxfam",-7.68,"CAW","Charity","0003993127","31-45-08"
"9127854341","""2013-05-26T05:55:09.688Z""","Barclaycard",-9.1,"CAW","Debt","0003993127","31-45-08"
"9127854341","""2013-05-27T09:56:38.478Z""","Three Mobile",-18.83,"D/D","Mobile","0003993127","31-45-08"
"9127854341","""2013-05-21T02:19:26.790Z""","Rent",-600,"D/D","Housing","0003993127","31-45-08"
"9127854341","""2013-05-27T22:09:24.678Z""","McColls",-12.94,"CAW","Food","0003993127","31-45-08"
"9127854341","""2013-05-25T09:22:11.473Z""","Arriva Wales",-2.76,"CAW","Transport","0003993127","31-45-08"
"9127854341","""2013-05-28T05:31:52.791Z""","Hitachi Personal Finance",-0.01,"CAW","Debt","0003993127","31-45-08"
"9127854341","""2013-05-26T14:29:41.565Z""","National Express",-9.45,"CAW","Transport","0003993127","31-45-08"
"9127854341","""2013-05-28T03:44:21.080Z""","Spotify",-24.56,"CAW","Entertainment","0003993127","31-45-08"
"9127854341","""2013-05-29T01:44:27.264Z""","Barclaycard",-2.76,"CAW","Debt","0003993127","31-45-08"
"9127854341","""2013-05-29T15:56:07.866Z""","MegaBus",-2.08,"CAW","Transport","0003993127","31-45-08"
"9127854341","""2013-05-30T16:54:12.936Z""","Sports Direct",-20.59,"CAW","Clothing","0003993127","31-45-08"
"9127854341","""2013-05-27T18:59:16.784Z""","McColls",-2.58,"CAW","Food","0003993127","31-45-08"
"9127854341","""2013-05-30T20:24:50.315Z""","Hitachi Personal Finance",-3.18,"CAW","Debt","0003993127","31-45-08"
"9127854341","""2013-05-28T15:34:55.224Z""","Groupon",-23.12,"CAW","Entertainment","0003993127","31-45-08"
"9127854341","""2013-05-28T16:25:28.571Z""","Interest",16.1,"CAD","-","0003993127","31-45-08"
"9127854341","""2013-05-30T02:51:11.515Z""","Wonga",-2.7,"CAW","Debt","0003993127","31-45-08"
"9127854341","""2013-05-30T15:01:01.548Z""","Lidl",-6.07,"CAW","Food","0003993127","31-45-08"
"9127854341","""2013-05-30T11:42:02.456Z""","Subway",-10.64,"CAW","Food","0003993127","31-45-08"
"9127854341","""2013-05-31T06:53:00.649Z""","Lori Alexander",1.69,"CAD","-","0003993127","31-45-08"
"9127854341","""2013-05-30T13:36:28.937Z""","Odeon Cinemas",-21.27,"CAW","Entertainment","0003993127","31-45-08"
"9127854341","""2013-06-01T08:19:42.258Z""","Lori Alexander",12.43,"CAD","-","0003993127","31-45-08"
"9127854341","""2013-05-31T17:40:37.695Z""","Barclaycard",-6.47,"CAW","Debt","0003993127","31-45-08"
"9127854341","""2013-06-04T05:09:03.484Z""","Virgin Media",-43.48,"D/D","Internet","0003993127","31-45-08"
"9127854341","""2013-06-04T05:55:00.605Z""","Interest",0.17,"CAD","-","0003993127","31-45-08"
"9127854341","""2013-06-01T20:47:31.681Z""","Lori Alexander",1.45,"CAD","-","0003993127","31-45-08"
"9127854341","""2013-06-09T02:24:34.818Z""","Nicole Bailey",5.83,"CAD","-","0003993127","31-45-08"
"9127854341","""2013-06-09T00:32:52.244Z""","Brenda Ward",0.73,"CAD","-","0003993127","31-45-08"
"9127854341","""2013-06-12T21:27:37.641Z""","Interest",2.69,"CAD","-","0003993127","31-45-08"
"9127854341","""2013-06-12T23:03:16.052Z""","Denise Patterson",3.26,"CAD","-","0003993127","31-45-08"
"9127854341","""2013-05-30T19:38:49.769Z""","Nicole Bailey",0.59,"CAD","-","0003993127","31-45-08"
"9127854341","""2013-06-15T19:59:27.759Z""","Alan Scott",4.24,"CAD","-","0003993127","31-45-08"
"9127854341","""2013-06-15T12:57:01.140Z""","Denise Patterson",0.39,"CAD","-","0003993127","31-45-08"
"9127854341","""2013-06-15T05:32:52.764Z""","Brenda Ward",2.19,"CAD","-","0003993127","31-45-08"
"9127854341","""2013-06-22T01:24:10.079Z""","Lori Alexander",2.59,"CAD","-","0003993127","31-45-08"
"9127854341","""2013-06-21T22:23:59.919Z""","Rent",-600,"D/D","Housing","0003993127","31-45-08"
"9127854341","""2013-06-24T21:16:47.246Z""","Sky Digital",-29.58,"D/D","Entertainment","0003993127","31-45-08"
"9127854341","""2013-06-24T15:10:14.261Z""","Alan Scott",14.4,"CAD","-","0003993127","31-45-08"
"9127854341","""2013-06-25T20:34:39.217Z""","Salary BACS Payment",2000,"BAC","Salary","0003993127","31-45-08"
"9127854341","""2013-06-25T15:48:26.495Z""","American Express",-5.41,"CAW","Debt","0003993127","31-45-08"
"9127854341","""2013-06-22T06:49:25.185Z""","Interest",0.17,"CAD","-","0003993127","31-45-08"
"9127854341","""2013-06-25T13:29:08.410Z""","Lush",-24.3,"CAW","Healthcare","0003993127","31-45-08"
"9127854341","""2013-06-25T23:45:38.560Z""","Lori Alexander",7.6,"CAD","-","0003993127","31-45-08"
"9127854341","""2013-06-26T08:02:37.480Z""","Alan Scott",4.71,"CAD","-","0003993127","31-45-08"
"9127854341","""2013-06-26T08:27:22.609Z""","Odeon Cinemas",-14.48,"CAW","Entertainment","0003993127","31-45-08"
"9127854341","""2013-06-26T00:22:47.649Z""","Barclaycard",-0.01,"CAW","Debt","0003993127","31-45-08"
"9127854341","""2013-06-26T05:02:54.252Z""","Arriva Wales",-11.46,"CAW","Transport","0003993127","31-45-08"
"9127854341","""2013-06-26T11:11:21.616Z""","MegaBus",-3.2,"CAW","Transport","0003993127","31-45-08"
"9127854341","""2013-06-25T20:03:52.514Z""","Barclaycard",-6.66,"CAW","Debt","0003993127","31-45-08"
"9127854341","""2013-06-26T04:57:42.828Z""","Lidl",-2.13,"CAW","Food","0003993127","31-45-08"
"9127854341","""2013-06-27T03:14:08.558Z""","Alan Scott",14.59,"CAD","-","0003993127","31-45-08"
"9127854341","""2013-06-27T10:01:03.221Z""","Three Mobile",-18.83,"D/D","Mobile","0003993127","31-45-08"
"9127854341","""2013-06-27T13:40:22.186Z""","Sports Direct",-10.59,"CAW","Clothing","0003993127","31-45-08"
"9127854341","""2013-06-27T12:34:11.286Z""","Cancer Research",-10.02,"CAW","Savings","0003993127","31-45-08"
"9127854341","""2013-06-27T15:05:23.580Z""","Odeon Cinemas",-38.15,"CAW","Entertainment","0003993127","31-45-08"
"9127854341","""2013-06-27T02:27:44.680Z""","Barclaycard",-7.49,"CAW","Debt","0003993127","31-45-08"
"9127854341","""2013-06-27T08:36:38.879Z""","Subway",-6.89,"CAW","Food","0003993127","31-45-08"
"9127854341","""2013-06-28T23:42:57.492Z""","Cancer Research",-10.71,"CAW","Savings","0003993127","31-45-08"
"9127854341","""2013-06-28T09:46:36.151Z""","Lori Alexander",2.43,"CAD","-","0003993127","31-45-08"
"9127854341","""2013-06-29T19:01:36.647Z""","Alan Scott",2.06,"CAD","-","0003993127","31-45-08"
"9127854341","""2013-06-27T05:07:18.860Z""","Spotify",-23.69,"CAW","Entertainment","0003993127","31-45-08"
"9127854341","""2013-07-02T09:36:53.530Z""","Nicole Bailey",2.54,"CAD","-","0003993127","31-45-08"
"9127854341","""2013-06-27T12:26:48.283Z""","Wonga",-10.1,"CAW","Debt","0003993127","31-45-08"
"9127854341","""2013-06-29T17:32:51.565Z""","Nicole Bailey",0.2,"CAD","-","0003993127","31-45-08"
"9127854341","""2013-07-03T23:43:51.014Z""","Nicole Bailey",4.29,"CAD","-","0003993127","31-45-08"
"9127854341","""2013-07-03T14:42:10.818Z""","Lush",-13.23,"CAW","Healthcare","0003993127","31-45-08"
"9127854341","""2013-06-30T15:53:12.392Z""","Matalan",-20.38,"CAW","Clothing","0003993127","31-45-08"
"9127854341","""2013-07-02T15:35:15.723Z""","Lori Alexander",13.77,"CAD","-","0003993127","31-45-08"
"9127854341","""2013-07-04T14:37:42.549Z""","Virgin Media",-43.48,"D/D","Internet","0003993127","31-45-08"
"9127854341","""2013-07-08T02:35:39.966Z""","Interest",2.65,"CAD","-","0003993127","31-45-08"
"9127854341","""2013-07-09T17:17:28.798Z""","Lori Alexander",1.47,"CAD","-","0003993127","31-45-08"
"9127854341","""2013-07-03T13:43:20.370Z""","Save the Children",-0.01,"CAW","Savings","0003993127","31-45-08"
"9127854341","""2013-07-09T09:34:13.659Z""","Lori Alexander",0.55,"CAD","-","0003993127","31-45-08"
"9127854341","""2013-07-15T02:01:07.986Z""","Lori Alexander",10.05,"CAD","-","0003993127","31-45-08"
"9127854341","""2013-07-13T15:42:26.656Z""","Alan Scott",2.53,"CAD","-","0003993127","31-45-08"
"9127854341","""2013-07-16T03:46:16.529Z""","Denise Patterson",11.43,"CAD","-","0003993127","31-45-08"
"9127854341","""2013-07-21T04:27:25.657Z""","Rent",-600,"D/D","Housing","0003993127","31-45-08"
"9127854341","""2013-07-22T04:17:47.938Z""","Brenda Ward",12,"CAD","-","0003993127","31-45-08"
"9127854341","""2013-07-15T15:29:52.166Z""","Sports Direct",-0.01,"CCW","Clothing","4294702545077362",
"9127854341","""2013-07-22T19:09:12.573Z""","Interest",8.39,"CAD","-","0003993127","31-45-08"
"9127854341","""2013-07-21T01:23:17.403Z""","Interest",1.42,"CAD","-","0003993127","31-45-08"
"9127854341","""2013-07-22T16:36:49.203Z""","Brenda Ward",5.26,"CAD","-","0003993127","31-45-08"
"9127854341","""2013-07-23T11:40:23.182Z""","Alan Scott",0.14,"CAD","-","0003993127","31-45-08"
"9127854341","""2013-07-22T19:46:23.247Z""","Nicole Bailey",3.84,"CAD","-","0003993127","31-45-08"
"9127854341","""2013-07-25T16:02:02.559Z""","Salary BACS Payment",2000,"BAC","Salary","0003993127","31-45-08"
"9127854341","""2013-07-25T12:48:34.136Z""","WWF",-7.4,"CAW","Charity","0003993127","31-45-08"
"9127854341","""2013-07-26T18:44:51.721Z""","Matalan",-14.34,"CAW","Clothing","0003993127","31-45-08"
"9127854341","""2013-07-24T22:00:08.639Z""","Sky Digital",-29.58,"D/D","Entertainment","0003993127","31-45-08"
"9127854341","""2013-07-22T06:52:59.700Z""","Lori Alexander",0.33,"CAD","-","0003993127","31-45-08"
"9127854341","""2013-07-26T02:18:38.883Z""","Arriva Wales",-5.22,"CAW","Transport","0003993127","31-45-08"
"9127854341","""2013-07-26T08:37:15.194Z""","McColls",-14.67,"CAW","Food","0003993127","31-45-08"
"9127854341","""2013-07-26T15:09:00.914Z""","MegaBus",-0.91,"CAW","Transport","0003993127","31-45-08"
"9127854341","""2013-07-25T22:01:39.515Z""","RSPCA",-9.46,"CAW","Charity","0003993127","31-45-08"
"9127854341","""2013-07-27T04:19:56.162Z""","Three Mobile",-18.83,"D/D","Mobile","0003993127","31-45-08"
"9127854341","""2013-07-26T06:49:30.686Z""","McColls",-5.43,"CAW","Food","0003993127","31-45-08"
"9127854341","""2013-07-27T20:27:44.105Z""","RSPCA",-9.55,"CAW","Savings","0003993127","31-45-08"
"9127854341","""2013-07-26T19:48:14.309Z""","WWF",-1.62,"CAW","Savings","0003993127","31-45-08"
"9127854341","""2013-07-26T04:56:54.764Z""","Save the Children",-2.28,"CAW","Savings","0003993127","31-45-08"
"9127854341","""2013-07-27T03:02:38.439Z""","McColls",-0.01,"CAW","Food","0003993127","31-45-08"
"9127854341","""2013-07-27T23:29:10.521Z""","Wonga",-7.24,"CAW","Debt","0003993127","31-45-08"
"9127854341","""2013-07-27T20:42:14.854Z""","Matalan",-18.15,"CAW","Clothing","0003993127","31-45-08"
"9127854341","""2013-07-27T09:30:54.706Z""","Odeon Cinemas",-10.57,"CAW","Entertainment","0003993127","31-45-08"
"9127854341","""2013-07-27T06:11:09.366Z""","Oxfam",-13.57,"CAW","Charity","0003993127","31-45-08"
"9127854341","""2013-07-27T08:43:39.482Z""","McColls",-0.01,"CAW","Food","0003993127","31-45-08"
"9127854341","""2013-07-27T09:48:04.316Z""","Spotify",-4.18,"CAW","Entertainment","0003993127","31-45-08"
"9127854341","""2013-07-30T01:01:22.678Z""","Lori Alexander",0.28,"CAD","-","0003993127","31-45-08"
"9127854341","""2013-07-27T17:20:30.774Z""","Spotify",-1.54,"CAW","Entertainment","0003993127","31-45-08"
"9127854341","""2013-07-29T21:25:49.355Z""","Brenda Ward",4.74,"CAD","-","0003993127","31-45-08"
"9127854341","""2013-07-30T01:08:28.017Z""","Wonga",-2.48,"CCW","Debt","4497603100148264",
"9127854341","""2013-07-29T12:05:22.456Z""","Brenda Ward",3.33,"CAD","-","0003993127","31-45-08"
"9127854341","""2013-07-31T01:04:48.660Z""","Interest",2.16,"CAD","-","0003993127","31-45-08"
"9127854341","""2013-07-30T11:26:40.849Z""","Odeon Cinemas",-13.27,"CAW","Entertainment","0003993127","31-45-08"
"9127854341","""2013-07-31T08:27:22.711Z""","Wonga",-12.82,"CAW","Debt","0003993127","31-45-08"
"9127854341","""2013-07-31T06:13:24.239Z""","Nicole Bailey",26.19,"CAD","-","0003993127","31-45-08"
"9127854341","""2013-07-31T22:33:33.309Z""","Lush",-12.74,"CAW","Healthcare","0003993127","31-45-08"
"9127854341","""2013-08-01T10:58:33.800Z""","Odeon Cinemas",-7.56,"CAW","Entertainment","0003993127","31-45-08"
"9127854341","""2013-07-31T00:45:26.805Z""","Brenda Ward",2.08,"CAD","-","0003993127","31-45-08"
"9127854341","""2013-08-01T00:54:29.857Z""","Save the Children",-0.01,"CAW","Charity","0003993127","31-45-08"
"9127854341","""2013-08-09T18:03:24.604Z""","Denise Patterson",0.44,"CAD","-","0003993127","31-45-08"
"9127854341","""2013-08-04T11:54:13.564Z""","Virgin Media",-43.48,"D/D","Internet","0003993127","31-45-08"
"9127854341","""2013-08-10T20:27:24.810Z""","Nicole Bailey",1.28,"CAD","-","0003993127","31-45-08"
"9127854341","""2013-08-16T15:39:48.696Z""","Denise Patterson",4.01,"CAD","-","0003993127","31-45-08"
"9127854341","""2013-08-15T17:22:25.561Z""","Lori Alexander",0.76,"CAD","-","0003993127","31-45-08"
"9127854341","""2013-08-17T10:43:02.879Z""","Lori Alexander",1.23,"CAD","-","0003993127","31-45-08"
"9127854341","""2013-08-21T05:36:04.707Z""","Rent",-600,"D/D","Housing","0003993127","31-45-08"
"9127854341","""2013-08-17T10:59:42.907Z""","Lori Alexander",1.13,"CAD","-","0003993127","31-45-08"
"9127854341","""2013-08-24T16:51:23.559Z""","Brenda Ward",7.81,"CAD","-","0003993127","31-45-08"
"9127854341","""2013-08-25T12:32:33.688Z""","McColls",-0.01,"CAW","Food","0003993127","31-45-08"
"9127854341","""2013-08-25T02:37:38.612Z""","MegaBus",-0.01,"CAW","Transport","0003993127","31-45-08"
"9127854341","""2013-08-24T15:33:23.881Z""","Sky Digital",-29.58,"D/D","Entertainment","0003993127","31-45-08"
"9127854341","""2013-08-25T15:52:28.007Z""","Matalan",-4.76,"CAW","Clothing","0003993127","31-45-08"
"9127854341","""2013-08-25T01:03:01.309Z""","Salary BACS Payment",2000,"BAC","Salary","0003993127","31-45-08"
"9127854341","""2013-08-26T12:54:19.243Z""","Barclaycard",-2.94,"CAW","Debt","0003993127","31-45-08"
"9127854341","""2013-08-25T00:33:45.465Z""","Bodyshop",-24.32,"CAW","Healthcare","0003993127","31-45-08"
"9127854341","""2013-08-27T20:05:09.583Z""","Three Mobile",-18.83,"D/D","Mobile","0003993127","31-45-08"
"9127854341","""2013-08-26T08:26:22.869Z""","American Express",-5.82,"CAW","Debt","0003993127","31-45-08"
"9127854341","""2013-08-25T07:31:01.171Z""","Spotify",-13.24,"CAW","Entertainment","0003993127","31-45-08"
"9127854341","""2013-08-28T03:03:08.734Z""","Cancer Research",-2.79,"CAW","Charity","0003993127","31-45-08"
"9127854341","""2013-08-28T15:15:16.489Z""","Matalan",-20.16,"CAW","Clothing","0003993127","31-45-08"
"9127854341","""2013-08-28T01:23:25.378Z""","American Express",-7.02,"CAW","Debt","0003993127","31-45-08"
"9127854341","""2013-08-28T11:40:59.054Z""","Supercuts",-10.46,"CAW","Healthcare","0003993127","31-45-08"
"9127854341","""2013-08-27T19:10:26.772Z""","Superdrug",-7.38,"CAW","Healthcare","0003993127","31-45-08"
"9127854341","""2013-08-29T16:46:29.830Z""","Groupon",-15.38,"CAW","Entertainment","0003993127","31-45-08"
"9127854341","""2013-08-29T17:45:09.929Z""","Groupon",-11.39,"CAW","Entertainment","0003993127","31-45-08"
"9127854341","""2013-08-29T06:07:44.282Z""","Shelter",-1.5,"CAW","Charity","0003993127","31-45-08"
"9127854341","""2013-08-29T07:53:27.554Z""","American Express",-6.87,"CAW","Debt","0003993127","31-45-08"
"9127854341","""2013-08-29T01:18:23.134Z""","Spotify",-19.32,"CAW","Entertainment","0003993127","31-45-08"
"9127854341","""2013-08-31T14:42:18.520Z""","Hitachi Personal Finance",-9.95,"CAW","Debt","0003993127","31-45-08"
"9127854341","""2013-09-02T10:54:01.987Z""","Save the Children",-3.2,"CAW","Savings","0003993127","31-45-08"
"9127854341","""2013-09-03T14:47:46.678Z""","National Express",-14.78,"CAW","Transport","0003993127","31-45-08"
"9127854341","""2013-09-02T01:40:52.809Z""","Barclaycard",-7.05,"CAW","Debt","0003993127","31-45-08"
"9127854341","""2013-09-04T20:11:00.912Z""","Virgin Media",-43.48,"D/D","Internet","0003993127","31-45-08"
"9127854341","""2013-09-03T21:58:29.927Z""","Primark",-18.43,"CAW","Clothing","0003993127","31-45-08"
"9127854341","""2013-09-05T11:36:35.324Z""","Brenda Ward",6.77,"CAD","-","0003993127","31-45-08"
"9127854341","""2013-09-04T05:22:30.217Z""","MegaBus",-5.18,"CAW","Transport","0003993127","31-45-08"
"9127854341","""2013-09-05T16:09:42.687Z""","Alan Scott",0.54,"CAD","-","0003993127","31-45-08"
"9127854341","""2013-09-05T03:52:41.526Z""","Arriva Wales",-11.75,"CAW","Transport","0003993127","31-45-08"
"9127854341","""2013-09-05T03:01:22.102Z""","Brenda Ward",2.5,"CAD","-","0003993127","31-45-08"
"9127854341","""2013-09-05T23:27:09.547Z""","Nicole Bailey",35.99,"CAD","-","0003993127","31-45-08"
"9127854341","""2013-09-09T07:32:09.256Z""","Alan Scott",0.27,"CAD","-","0003993127","31-45-08"
"9127854341","""2013-09-06T23:29:33.572Z""","MegaBus",-4.4,"CAW","Transport","0003993127","31-45-08"
"9127854341","""2013-09-05T00:46:14.159Z""","Hitachi Personal Finance",-6.66,"CAW","Debt","0003993127","31-45-08"
"9127854341","""2013-09-11T16:45:49.891Z""","Interest",0.46,"CAD","-","0003993127","31-45-08"
"9127854341","""2013-09-11T11:28:05.008Z""","Nicole Bailey",3.14,"CAD","-","0003993127","31-45-08"
"9127854341","""2013-09-14T01:01:04.172Z""","Alan Scott",1.8,"CAD","-","0003993127","31-45-08"
"9127854341","""2013-09-10T09:20:59.105Z""","Alan Scott",1.59,"CAD","-","0003993127","31-45-08"
"9127854341","""2013-09-16T03:32:09.682Z""","National Express",-10.56,"CAW","Transport","0003993127","31-45-08"
"9127854341","""2013-09-14T19:04:21.472Z""","American Express",-1.56,"CAW","Debt","0003993127","31-45-08"
"9127854341","""2013-09-21T12:50:35.622Z""","Rent",-600,"D/D","Housing","0003993127","31-45-08"
"9127854341","""2013-09-15T16:07:09.381Z""","Superdrug",-19.22,"CAW","Healthcare","0003993127","31-45-08"
"9127854341","""2013-09-22T12:20:36.453Z""","Nicole Bailey",3.64,"CAD","-","0003993127","31-45-08"
"9127854341","""2013-09-24T14:57:17.794Z""","Sky Digital",-29.58,"D/D","Entertainment","0003993127","31-45-08"
"9127854341","""2013-09-24T06:14:05.031Z""","Nicole Bailey",2.17,"CAD","-","0003993127","31-45-08"
"9127854341","""2013-09-24T22:16:17.036Z""","Denise Patterson",19.97,"CAD","-","0003993127","31-45-08"
"9127854341","""2013-09-25T20:36:02.292Z""","Salary BACS Payment",2000,"BAC","Salary","0003993127","31-45-08"
"9127854341","""2013-09-26T20:36:31.815Z""","Subway",-15.14,"CAW","Food","0003993127","31-45-08"
"9127854341","""2013-09-26T09:08:49.015Z""","Superdrug",-22.18,"CAW","Healthcare","0003993127","31-45-08"
"9127854341","""2013-09-27T12:25:12.453Z""","Three Mobile",-18.83,"D/D","Mobile","0003993127","31-45-08"
"9127854341","""2013-09-24T06:37:19.406Z""","Nicole Bailey",2.67,"CAD","-","0003993127","31-45-08"
"9127854341","""2013-09-27T02:57:15.404Z""","MegaBus",-2.96,"CAW","Transport","0003993127","31-45-08"
"9127854341","""2013-09-17T05:44:50.785Z""","Denise Patterson",2.33,"CAD","-","0003993127","31-45-08"
"9127854341","""2013-09-28T03:51:26.604Z""","Bodyshop",-17.79,"CAW","Healthcare","0003993127","31-45-08"
"9127854341","""2013-09-27T04:50:57.109Z""","MegaBus",-10.82,"CAW","Transport","0003993127","31-45-08"
"9127854341","""2013-09-30T00:59:54.746Z""","Spotify",-11.86,"CAW","Entertainment","0003993127","31-45-08"
"9127854341","""2013-09-28T15:10:12.927Z""","Wonga",-0.9,"CAW","Debt","0003993127","31-45-08"
"9127854341","""2013-09-30T06:34:38.608Z""","Arriva Wales",-2.85,"CAW","Transport","0003993127","31-45-08"
"9127854341","""2013-09-28T17:32:19.973Z""","WWF",-11.04,"CAW","Savings","0003993127","31-45-08"
"9127854341","""2013-10-01T06:22:07.728Z""","Spotify",-17.4,"CAW","Entertainment","0003993127","31-45-08"
"9127854341","""2013-09-30T20:48:54.920Z""","Odeon Cinemas",-21.07,"CAW","Entertainment","0003993127","31-45-08"
"9127854341","""2013-10-02T14:15:30.103Z""","WWF",-7.77,"CAW","Charity","0003993127","31-45-08"
"9127854341","""2013-10-01T01:29:42.913Z""","Lush",-12.01,"CAW","Healthcare","0003993127","31-45-08"
"9127854341","""2013-10-02T01:29:29.043Z""","Spotify",-16.85,"CAW","Entertainment","0003993127","31-45-08"
"9127854341","""2013-10-01T13:30:41.194Z""","Barclaycard",-13.66,"CAW","Debt","0003993127","31-45-08"
"9127854341","""2013-10-03T03:54:44.257Z""","Matalan",-22.13,"CAW","Clothing","0003993127","31-45-08"
"9127854341","""2013-10-02T04:32:45.368Z""","Primark",-20.06,"CAW","Clothing","0003993127","31-45-08"
"9127854341","""2013-10-04T01:59:01.455Z""","Virgin Media",-43.48,"D/D","Internet","0003993127","31-45-08"
"9127854341","""2013-10-02T02:58:43.154Z""","Hitachi Personal Finance",-0.01,"CAW","Debt","0003993127","31-45-08"
"9127854341","""2013-10-12T22:11:12.357Z""","Interest",1.07,"CAD","-","0003993127","31-45-08"
"9127854341","""2013-10-03T12:41:22.283Z""","Primark",-25.16,"CAW","Clothing","0003993127","31-45-08"
"9127854341","""2013-10-13T10:34:01.467Z""","Brenda Ward",6.61,"CAD","-","0003993127","31-45-08"
"9127854341","""2013-10-02T06:30:02.093Z""","Lidl",-0.01,"CAW","Food","0003993127","31-45-08"
"9127854341","""2013-10-14T23:08:00.702Z""","Nicole Bailey",4.23,"CAD","-","0003993127","31-45-08"
"9127854341","""2013-10-12T10:13:53.694Z""","Interest",3.8,"CAD","-","0003993127","31-45-08"
"9127854341","""2013-10-21T02:33:36.514Z""","Interest",5.55,"CAD","-","0003993127","31-45-08"
"9127854341","""2013-10-07T03:40:32.489Z""","Alan Scott",0.71,"CAD","-","0003993127","31-45-08"
"9127854341","""2013-10-24T16:24:43.129Z""","Lori Alexander",2.07,"CAD","-","0003993127","31-45-08"
"9127854341","""2013-10-21T13:22:24.460Z""","Rent",-600,"D/D","Housing","0003993127","31-45-08"
"9127854341","""2013-10-25T12:59:22.324Z""","Salary BACS Payment",2000,"BAC","Salary","0003993127","31-45-08"
"9127854341","""2013-10-13T09:28:01.830Z""","Nicole Bailey",2.04,"CAD","-","0003993127","31-45-08"
"9127854341","""2013-10-25T11:31:02.878Z""","Denise Patterson",14.18,"CAD","-","0003993127","31-45-08"
"9127854341","""2013-10-24T06:38:16.944Z""","Alan Scott",16.97,"CAD","-","0003993127","31-45-08"
"9127854341","""2013-10-25T04:00:23.184Z""","Lush",-10.81,"CAW","Healthcare","0003993127","31-45-08"
"9127854341","""2013-10-24T17:28:23.787Z""","Sky Digital",-29.58,"D/D","Entertainment","0003993127","31-45-08"
"9127854341","""2013-10-25T03:10:13.259Z""","Wonga",-0.01,"CAW","Debt","0003993127","31-45-08"
"9127854341","""2013-10-25T17:06:51.660Z""","National Express",-10.45,"CAW","Transport","0003993127","31-45-08"
"9127854341","""2013-10-27T08:51:16.537Z""","Save the Children",-11.26,"CAW","Charity","0003993127","31-45-08"
"9127854341","""2013-10-25T18:01:27.457Z""","Cancer Research",-8.11,"CAW","Charity","0003993127","31-45-08"
"9127854341","""2013-10-28T02:22:03.510Z""","Sports Direct",-11.24,"CAW","Clothing","0003993127","31-45-08"
"9127854341","""2013-10-27T14:56:47.293Z""","Three Mobile",-18.83,"D/D","Mobile","0003993127","31-45-08"
"9127854341","""2013-10-29T22:29:41.338Z""","American Express",-4.14,"CAW","Debt","0003993127","31-45-08"
"9127854341","""2013-10-25T13:23:25.944Z""","Arriva Wales",-5.7,"CAW","Transport","0003993127","31-45-08"
"9127854341","""2013-10-27T20:31:28.499Z""","Groupon",-25.64,"CAW","Entertainment","0003993127","31-45-08"
"9127854341","""2013-10-28T17:57:30.343Z""","Subway",-11.97,"CAW","Food","0003993127","31-45-08"
"9127854341","""2013-10-30T18:43:22.211Z""","Hitachi Personal Finance",-9.7,"CAW","Debt","0003993127","31-45-08"
"9127854341","""2013-10-31T19:46:37.040Z""","National Express",-9.7,"CAW","Transport","0003993127","31-45-08"
"9127854341","""2013-10-31T09:06:04.337Z""","National Express",-9.25,"CAW","Transport","0003993127","31-45-08"
"9127854341","""2013-10-31T17:24:27.058Z""","Groupon",-35.06,"CAW","Entertainment","0003993127","31-45-08"
"9127854341","""2013-10-31T05:46:22.623Z""","Arriva Wales",-19.07,"CAW","Transport","0003993127","31-45-08"
"9127854341","""2013-11-01T20:33:25.752Z""","Cancer Research",-8.07,"CAW","Savings","0003993127","31-45-08"
"9127854341","""2013-11-01T05:39:26.646Z""","Spotify",-18.49,"CAW","Entertainment","0003993127","31-45-08"
"9127854341","""2013-10-31T19:25:23.256Z""","Sports Direct",-39.71,"CAW","Clothing","0003993127","31-45-08"
"9127854341","""2013-11-01T12:17:52.805Z""","McColls",-15.78,"CAW","Food","0003993127","31-45-08"
"9127854341","""2013-11-04T17:56:37.761Z""","Virgin Media",-43.48,"D/D","Internet","0003993127","31-45-08"
"9127854341","""2013-11-01T03:19:07.978Z""","Primark",-11.16,"CAW","Clothing","0003993127","31-45-08"
"9127854341","""2013-11-09T05:39:52.021Z""","Denise Patterson",5.22,"CAD","-","0003993127","31-45-08"
"9127854341","""2013-11-09T11:52:48.831Z""","Nicole Bailey",11.39,"CAD","-","0003993127","31-45-08"
"9127854341","""2013-11-09T18:38:53.198Z""","American Express",-7.22,"CAW","Debt","0003993127","31-45-08"
"9127854341","""2013-11-10T05:07:34.241Z""","Lori Alexander",0.03,"CAD","-","0003993127","31-45-08"
"9127854341","""2013-11-12T17:42:54.990Z""","Save the Children",-4.59,"CAW","Savings","0003993127","31-45-08"
"9127854341","""2013-11-13T17:47:08.861Z""","Groupon",-10.89,"CAW","Entertainment","0003993127","31-45-08"
"9127854341","""2013-11-15T22:05:28.912Z""","Brenda Ward",11.26,"CAD","-","0003993127","31-45-08"
"9127854341","""2013-11-15T16:10:32.585Z""","Nicole Bailey",2.42,"CAD","-","0003993127","31-45-08"
"9127854341","""2013-11-15T21:27:34.810Z""","Spotify",-25.05,"CAW","Entertainment","0003993127","31-45-08"
"9127854341","""2013-11-15T05:54:05.543Z""","Arriva Wales",-10.75,"CAW","Transport","0003993127","31-45-08"
"9127854341","""2013-11-17T02:57:24.335Z""","Alan Scott",4.21,"CAD","-","0003993127","31-45-08"
"9127854341","""2013-11-14T22:51:19.626Z""","Lori Alexander",3.43,"CAD","-","0003993127","31-45-08"
"9127854341","""2013-11-19T01:39:01.447Z""","Interest",0.52,"CAD","-","0003993127","31-45-08"
"9127854341","""2013-11-19T17:54:27.556Z""","Denise Patterson",3.72,"CAD","-","0003993127","31-45-08"
"9127854341","""2013-11-21T12:13:30.154Z""","Rent",-600,"D/D","Housing","0003993127","31-45-08"
"9127854341","""2013-11-24T08:16:27.639Z""","Sky Digital",-29.58,"D/D","Entertainment","0003993127","31-45-08"
"9127854341","""2013-11-22T19:07:53.164Z""","Shelter",-9.57,"CCW","Charity","4294702545077362",
"9127854341","""2013-11-24T06:11:27.312Z""","Alan Scott",1.02,"CAD","-","0003993127","31-45-08"
"9127854341","""2013-11-27T16:49:30.364Z""","Three Mobile",-18.83,"D/D","Mobile","0003993127","31-45-08"
"9127854341","""2013-11-25T15:09:36.293Z""","Salary BACS Payment",2000,"BAC","Salary","0003993127","31-45-08"
"9127854341","""2013-11-27T12:12:10.717Z""","Denise Patterson",1.72,"CAD","-","0003993127","31-45-08"
"9127854341","""2013-11-28T21:11:21.183Z""","MegaBus",-0.01,"CAW","Transport","0003993127","31-45-08"
"9127854341","""2013-11-28T07:16:37.326Z""","RSPCA",-7.06,"CAW","Charity","0003993127","31-45-08"
"9127854341","""2013-11-28T22:30:48.822Z""","Arriva Wales",-0.01,"CAW","Transport","0003993127","31-45-08"
"9127854341","""2013-11-28T16:21:55.456Z""","RSPCA",-0.68,"CAW","Charity","0003993127","31-45-08"
"9127854341","""2013-11-27T07:01:04.344Z""","MegaBus",-7.54,"CAW","Transport","0003993127","31-45-08"
"9127854341","""2013-11-28T16:56:16.622Z""","Nicole Bailey",0.58,"CAD","-","0003993127","31-45-08"
"9127854341","""2013-11-28T21:04:08.949Z""","Interest",0.5,"CAD","-","0003993127","31-45-08"
"9127854341","""2013-11-28T13:16:44.792Z""","MegaBus",-2.44,"CAW","Transport","0003993127","31-45-08"
"9127854341","""2013-11-28T04:03:09.957Z""","Nicole Bailey",20.59,"CAD","-","0003993127","31-45-08"
"9127854341","""2013-11-28T14:33:05.761Z""","McColls",-12.12,"CAW","Food","0003993127","31-45-08"
"9127854341","""2013-11-29T06:27:50.593Z""","Brenda Ward",4.71,"CAD","-","0003993127","31-45-08"
"9127854341","""2013-11-29T09:49:37.801Z""","American Express",-6.09,"CAW","Debt","0003993127","31-45-08"
"9127854341","""2013-11-30T12:21:40.652Z""","Lidl",-7.36,"CAW","Food","0003993127","31-45-08"
"9127854341","""2013-11-30T13:48:28.396Z""","RSPCA",-5.44,"CAW","Savings","0003993127","31-45-08"
"9127854341","""2013-11-28T12:08:20.415Z""","Matalan",-3.53,"CAW","Clothing","0003993127","31-45-08"
"9127854341","""2013-11-30T20:19:52.856Z""","Nicole Bailey",3.12,"CAD","-","0003993127","31-45-08"
"9127854341","""2013-11-30T17:38:10.430Z""","Sports Direct",-23.63,"CAW","Clothing","0003993127","31-45-08"
"9127854341","""2013-11-28T16:44:49.825Z""","Spotify",-19.94,"CAW","Entertainment","0003993127","31-45-08"
"9127854341","""2013-12-01T02:47:48.142Z""","McColls",-26.78,"CAW","Food","0003993127","31-45-08"
"9127854341","""2013-11-30T09:51:22.166Z""","Denise Patterson",11.04,"CAD","-","0003993127","31-45-08"
"9127854341","""2013-12-02T23:29:31.264Z""","Barclaycard",-4.96,"CAW","Debt","0003993127","31-45-08"
"9127854341","""2013-12-02T20:03:32.540Z""","Save the Children",-8.45,"CAW","Savings","0003993127","31-45-08"
"9127854341","""2013-11-30T20:44:50.972Z""","RSPCA",-0.01,"CAW","Savings","0003993127","31-45-08"
"9127854341","""2013-12-06T02:32:12.427Z""","Brenda Ward",14.01,"CAD","-","0003993127","31-45-08"
"9127854341","""2013-11-30T23:32:35.143Z""","McColls",-19,"CAW","Food","0003993127","31-45-08"
"9127854341","""2013-12-12T02:53:36.274Z""","Brenda Ward",1.17,"CAD","-","0003993127","31-45-08"
"9127854341","""2013-12-04T14:43:12.104Z""","Virgin Media",-43.48,"D/D","Internet","0003993127","31-45-08"
"9127854341","""2013-12-06T10:07:30.026Z""","Lori Alexander",3.68,"CAD","-","0003993127","31-45-08"
"9127854341","""2013-12-20T17:54:36.298Z""","Lori Alexander",1.74,"CAD","-","0003993127","31-45-08"
"9127854341","""2013-12-23T01:22:18.280Z""","Lori Alexander",1.17,"CAD","-","0003993127","31-45-08"
"9127854341","""2013-12-15T18:12:28.342Z""","Alan Scott",0.97,"CAD","-","0003993127","31-45-08"
"9127854341","""2013-12-25T16:44:44.013Z""","Salary BACS Payment",2000,"BAC","Salary","0003993127","31-45-08"
"9127854341","""2013-12-16T20:29:44.290Z""","Brenda Ward",1.5,"CAD","-","0003993127","31-45-08"
"9127854341","""2013-12-21T22:55:10.387Z""","Rent",-600,"D/D","Housing","0003993127","31-45-08"
"9127854341","""2013-12-25T12:42:05.933Z""","Groupon",-30.63,"CAW","Entertainment","0003993127","31-45-08"
"9127854341","""2013-12-24T11:12:37.344Z""","Sky Digital",-29.58,"D/D","Entertainment","0003993127","31-45-08"
"9127854341","""2013-12-27T15:38:15.092Z""","Three Mobile",-18.83,"D/D","Mobile","0003993127","31-45-08"
"9127854341","""2013-12-26T01:00:04.540Z""","Wonga",-14.06,"CAW","Debt","0003993127","31-45-08"
"9127854341","""2013-12-28T11:51:40.882Z""","Bodyshop",-8.92,"CAW","Healthcare","0003993127","31-45-08"
"9127854341","""2013-12-27T21:41:31.388Z""","Subway",-13.6,"CAW","Food","0003993127","31-45-08"
"9127854341","""2013-12-28T22:15:16.682Z""","Brenda Ward",3.78,"CAD","-","0003993127","31-45-08"
"9127854341","""2013-12-29T18:50:45.375Z""","Supercuts",-27.03,"CAW","Healthcare","0003993127","31-45-08"
"9127854341","""2013-12-29T13:02:51.930Z""","American Express",-15.11,"CAW","Debt","0003993127","31-45-08"
"9127854341","""2013-12-30T19:34:20.284Z""","Spotify",-22.28,"CAW","Entertainment","0003993127","31-45-08"
"9127854341","""2013-12-25T00:20:03.990Z""","MegaBus",-6.55,"CAW","Transport","0003993127","31-45-08"
"9127854341","""2013-12-30T20:30:49.710Z""","Supercuts",-26.98,"CAW","Healthcare","0003993127","31-45-08"
"9127854341","""2013-12-30T00:17:50.163Z""","Save the Children",-2.2,"CAW","Charity","0003993127","31-45-08"
"9127854341","""2013-12-31T05:21:49.880Z""","Sports Direct",-3.1,"CAW","Clothing","0003993127","31-45-08"
"9127854341","""2013-12-30T03:01:57.924Z""","Nicole Bailey",0.53,"CAD","-","0003993127","31-45-08"
"9127854341","""2013-12-31T22:15:13.631Z""","Oxfam",-13.89,"CAW","Charity","0003993127","31-45-08"
"9127854341","""2013-12-30T08:12:21.168Z""","Shelter",-1.28,"CAW","Charity","0003993127","31-45-08"
"9127854341","""2013-12-31T16:46:48.386Z""","Matalan",-1.31,"CAW","Clothing","0003993127","31-45-08"
"9127854341","""2013-12-31T10:54:29.260Z""","Barclaycard",-2.66,"CAW","Debt","0003993127","31-45-08"